<?xml version="1.0" encoding="UTF-8"?>
<project-private xmlns="http://www.netbeans.org/ns/project-private/1">
    <editor-bookmarks xmlns="http://www.netbeans.org/ns/editor-bookmarks/2" lastBookmarkId="0"/>
    <open-files xmlns="http://www.netbeans.org/ns/projectui-open-files/2">
        <group>
            <file>file:/D:/www.dabai.com/app/Admin/View/Index_index.html</file>
            <file>file:/D:/www.dabai.com/app/Admin/View/Article_edit.html</file>
            <file>file:/D:/www.dabai.com/app/Admin/View/Article_add.html</file>
        </group>
    </open-files>
</project-private>
